,workout_type,gender,experience_level,workout_frequency_days_per_week,age,session_duration_hours,bmi_NormTrans
0,Yoga,Male,3,4,56,1.69,3.4404180948154366
1,HIIT,Female,2,4,46,1.3,3.4965075614664802
2,Cardio,Female,2,4,32,1.11,3.246880021277798
3,Strength,Male,1,3,25,0.59,2.9657883971809187
4,Strength,Male,1,3,38,0.64,2.733717947850788
5,HIIT,Female,3,5,56,1.59,3.070375816549757
6,Cardio,Male,2,3,36,1.49,3.209229447816395
7,Cardio,Female,2,3,40,1.27,3.4522073025699003
8,Strength,Male,2,4,28,1.03,3.506757877322648
9,Cardio,Male,1,3,28,1.08,3.436242723404956
10,HIIT,Male,1,2,41,0.82,3.7912103852113983
11,HIIT,Male,2,3,53,1.15,2.9386326815134183
12,Cardio,Male,2,3,57,1.24,3.793239469438179
13,HIIT,Male,1,3,41,1.18,3.2035591207563074
14,Yoga,Male,2,3,20,1.35,3.609024228864472
15,Strength,Female,1,2,39,1.13,2.700018029404946
16,HIIT,Female,2,3,19,1.33,3.3442742342625342
17,Cardio,Female,1,3,41,1.19,2.7067159780890733
18,Strength,Female,2,3,47,1.13,3.1271990362962967
19,HIIT,Female,1,2,55,1.37,3.3307749173656096
20,Strength,Male,2,4,19,1.5,3.3813347525659037
21,Cardio,Male,1,2,38,1.12,3.175968323856924
22,Yoga,Female,1,2,50,1.17,3.264231526588998
23,Yoga,Male,1,2,29,0.78,3.6676558176623097
24,HIIT,Female,2,4,39,1.25,3.157425862551978
25,Yoga,Female,2,3,42,1.42,3.1258829580190364
26,HIIT,Male,1,2,44,0.73,3.050220458838061
27,Strength,Male,2,4,59,1.48,2.9231615807191558
28,HIIT,Male,3,5,45,1.64,3.240245850604393
29,HIIT,Female,2,3,33,1.29,3.3548043420924447
30,HIIT,Male,1,3,32,1.27,3.5380565643793527
31,Yoga,Female,2,4,20,1.03,3.377928754722801
32,HIIT,Female,1,2,54,1.48,3.0140632302387145
33,Cardio,Female,1,2,24,1.04,3.2895206644375325
34,HIIT,Male,3,5,38,1.52,3.3617633124167483
35,Strength,Male,1,3,26,1.32,3.775744987135518
36,Cardio,Female,2,4,56,1.26,3.2335673736111907
37,Strength,Male,2,3,35,1.34,3.5304697173662944
38,Strength,Male,2,4,21,1.3,3.001217203784561
39,Strength,Male,2,3,42,1.31,2.9322598505984176
40,Cardio,Female,1,2,31,1.48,3.109060958860994
41,Cardio,Female,1,3,26,1.08,2.9069010598473755
42,Yoga,Male,2,4,43,1.45,3.5496173867804286
43,Cardio,Female,1,2,19,1.14,3.2160718975354667
44,HIIT,Male,1,2,37,1.5,3.716008121502189
45,Strength,Male,1,3,45,1.2,2.7917784166329227
46,Yoga,Male,1,3,24,0.84,2.9481164196123277
47,Cardio,Male,1,2,25,1.41,3.1851121947153915
48,Strength,Female,1,3,52,1.23,3.064325065019603
49,Cardio,Female,2,4,31,1.03,3.544142657647253
50,Yoga,Female,2,3,34,1.42,3.0170044088295307
51,Cardio,Male,3,5,53,1.67,3.3386125064705343
52,Cardio,Male,1,3,57,1.13,3.560477739309412
53,Strength,Male,1,3,21,1.26,3.5172010574184616
54,HIIT,Female,1,3,19,0.81,3.1688448912626357
55,Cardio,Male,2,4,23,1.47,3.8251570724064843
56,Yoga,Female,2,3,59,1.4,3.3792925462741055
57,Cardio,Female,1,3,21,1.08,3.125443880075648
58,Cardio,Female,3,4,46,1.67,3.0846584827483925
59,HIIT,Female,1,2,35,0.56,2.8898160479624417
60,Strength,Female,2,3,43,1.04,3.1548704948922883
61,Yoga,Female,2,4,51,1.08,2.882563575448353
62,Strength,Male,3,5,27,1.75,3.5242995787961386
63,Strength,Male,2,3,53,1.23,2.896464271895322
64,Strength,Female,3,5,31,1.97,3.147594622863237
65,Cardio,Female,1,2,48,0.62,3.2917544702807735
66,HIIT,Male,3,5,32,1.99,3.542407550213679
67,Cardio,Female,1,3,25,0.89,3.0855729775537806
68,Yoga,Female,3,4,31,1.81,3.031099417391282
69,HIIT,Male,2,4,40,1.32,3.691874963093735
70,Strength,Female,3,5,57,1.73,3.3568971227655755
71,HIIT,Female,2,3,38,1.47,3.2917544702807735
72,Yoga,Female,2,4,33,1.07,2.787477334733532
73,Cardio,Male,2,3,35,1.08,3.130263166511597
74,Cardio,Male,2,4,41,1.13,3.607126952241677
75,Strength,Male,1,3,43,1.08,2.876948737564024
76,Cardio,Female,1,3,42,1.37,2.952302715626655
77,Cardio,Female,1,2,58,0.63,3.1170645587215158
78,Yoga,Male,1,2,46,1.18,3.531055368920369
79,HIIT,Female,3,5,32,1.87,3.2472688993694185
80,Cardio,Female,1,2,18,1.2,2.9052603703899154
81,Yoga,Female,3,5,42,1.78,3.027715319407042
82,Yoga,Female,1,3,24,0.86,3.199896858270398
83,Strength,Female,1,2,26,1.08,3.3968546322280186
84,Yoga,Male,2,3,41,1.13,3.114847754444153
85,Strength,Female,2,4,18,1.27,3.01651481273652
86,Cardio,Male,2,3,25,1.34,3.4245883344527313
87,Strength,Female,2,4,41,1.45,3.173459961337718
88,Yoga,Male,2,4,28,1.09,3.421326752957321
89,HIIT,Female,1,2,34,0.64,3.4187098067467865
90,HIIT,Male,3,4,25,1.93,3.479392229247212
91,Cardio,Female,3,4,52,1.8,3.114847754444153
92,Cardio,Male,2,3,52,1.26,3.3621099929541085
93,HIIT,Female,1,3,50,1.26,3.1488824530476656
94,Strength,Male,2,3,22,1.25,3.4436180975461075
95,Cardio,Female,1,3,59,0.58,3.141994780532243
96,Yoga,Male,1,2,56,1.29,3.730740908208854
97,Cardio,Male,1,3,58,1.33,3.652215469742345
98,Strength,Female,2,4,45,1.15,3.2976870052924907
99,Cardio,Female,3,4,24,1.97,2.983659692319722
100,Yoga,Male,2,3,26,1.16,3.421326752957321
101,Yoga,Female,2,4,25,1.49,2.8154087194227095
102,Yoga,Male,2,3,29,1.2,3.1616703510974213
103,Strength,Male,1,3,51,0.54,3.56953269648137
104,Strength,Male,1,3,50,0.97,2.9507349076232554
105,Yoga,Female,3,5,40,1.79,2.919930560137709
106,Yoga,Male,1,2,41,0.51,2.9785861147190205
107,Strength,Male,3,5,54,1.74,3.18179681662678
108,Strength,Female,2,3,52,1.39,3.478467017153456
109,Strength,Female,2,4,57,1.01,3.429784838514068
110,HIIT,Female,2,3,39,1.44,3.119718253334982
111,Strength,Female,2,4,44,1.41,3.283914221047423
112,Yoga,Male,3,4,52,1.78,3.2887749522478678
113,HIIT,Male,3,4,18,1.72,3.1994891110680106
114,Strength,Male,2,4,52,1.01,3.3621099929541085
115,Yoga,Male,1,3,54,0.55,3.208421366964342
116,Cardio,Female,2,3,31,1.09,2.8633430855082453
117,HIIT,Male,3,5,20,1.69,3.0855729775537806
118,Yoga,Male,1,2,18,1.41,3.4506222649896783
119,Cardio,Female,2,4,22,1.02,3.3196257279683437
120,Yoga,Male,2,4,43,1.22,3.22525543183224
121,Strength,Male,2,3,31,1.29,3.365915567517516
122,Strength,Male,1,2,56,1.0,3.5570608794930885
123,Cardio,Male,2,4,44,1.28,3.40982670836021
124,Strength,Male,3,5,26,1.97,3.451256581534892
125,Yoga,Male,1,3,32,1.28,3.432372999130605
126,Cardio,Female,1,2,32,0.51,3.1095072878128356
127,Yoga,Female,3,4,43,1.98,2.9381031607173544
128,Yoga,Male,1,3,59,0.66,3.562181801067979
129,Yoga,Male,3,5,30,1.61,3.1540172525197043
130,Strength,Female,2,3,49,1.24,2.768204123921957
131,Strength,Male,1,3,56,0.68,2.77757626375082
132,Yoga,Male,3,5,49,1.91,3.1258829580190364
133,HIIT,Male,2,3,21,1.38,3.8379458020318302
134,Yoga,Female,2,4,47,1.42,2.9580304063699794
135,Yoga,Male,1,2,54,1.17,3.1629401925378975
136,Cardio,Female,2,3,40,1.31,3.2386784521643803
137,Yoga,Male,1,2,56,0.66,3.2406373166497136
138,Strength,Female,1,2,32,1.24,3.3271919683516598
139,Cardio,Female,3,4,46,1.69,3.138966441639899
140,HIIT,Male,1,3,53,0.89,3.248434627109745
141,Cardio,Female,2,4,30,1.26,3.4397768636296306
142,HIIT,Male,1,2,49,1.38,3.484618989801228
143,Cardio,Female,2,4,24,1.42,3.0267463270831603
144,Cardio,Male,1,3,39,0.97,3.1801349965517702
145,HIIT,Male,3,4,45,1.53,3.3648791189880436
146,Strength,Female,2,3,19,1.28,3.202339856228101
147,Strength,Male,1,3,59,1.07,2.655352412101761
148,Strength,Male,1,3,23,0.7,3.2827891506118534
149,Cardio,Female,1,3,45,1.46,3.070375816549757
150,Yoga,Male,2,3,45,1.46,2.7434173449395014
151,Cardio,Male,1,2,37,0.54,3.4001968813285717
152,Yoga,Female,3,4,47,1.95,3.299533727885655
153,Yoga,Female,2,3,28,1.32,3.0473755067058295
154,Strength,Male,1,2,45,0.83,3.683364273425826
155,Yoga,Male,2,4,42,1.42,2.83556352140117
156,Cardio,Female,2,4,56,1.23,2.6004649904222727
157,Cardio,Female,1,3,50,0.67,3.1315734964654043
158,Strength,Male,1,2,18,1.3,3.332561589272017
159,HIIT,Female,1,3,44,1.02,3.165053018170694
160,Cardio,Male,2,3,30,1.08,3.6928714753834737
161,Yoga,Male,2,3,58,1.49,3.4301087251565754
162,Cardio,Male,2,3,20,1.36,3.3565486299932736
163,Cardio,Male,3,4,56,1.57,3.2906381910950913
164,Cardio,Male,3,4,23,1.55,3.256942025674657
165,HIIT,Female,2,4,25,1.04,2.857618971424357
166,Yoga,Female,3,5,44,1.58,3.2801590532850993
167,Strength,Female,1,3,26,1.14,3.1809662517949806
168,Cardio,Female,1,2,54,1.27,3.170525563927154
169,Yoga,Male,1,2,50,0.92,2.6411978941143697
170,Yoga,Male,1,3,59,1.08,3.441058915087286
171,Strength,Male,2,4,41,1.09,2.827313621929028
172,Cardio,Male,3,5,32,1.52,3.2530839961979376
173,HIIT,Female,1,3,49,1.1,2.953868069455292
174,Yoga,Male,1,3,49,1.46,3.323956301318708
175,Strength,Male,2,3,41,1.2,3.1424266527047946
176,HIIT,Female,3,4,58,1.58,3.038791763014438
177,Yoga,Female,1,3,29,0.68,2.9412760877579323
178,Cardio,Female,2,3,56,1.1,3.028683373693677
179,Yoga,Female,1,3,19,1.05,2.8992213731731473
180,HIIT,Male,1,3,20,0.83,3.660222744864132
181,HIIT,Male,3,5,54,1.54,3.22525543183224
182,Cardio,Female,3,5,34,1.81,2.9412760877579323
183,Cardio,Male,1,2,19,1.28,3.3572454941329726
184,Strength,Male,3,4,19,1.66,3.261935314328648
185,Cardio,Male,2,4,45,1.44,2.7479117345273405
186,Strength,Female,3,5,40,1.87,3.0267463270831603
187,HIIT,Male,2,4,54,1.2,3.471034341250935
188,HIIT,Female,2,3,49,1.37,3.1587011018321305
189,Yoga,Male,2,4,50,1.09,2.812410216426453
190,Yoga,Male,2,4,18,1.1,3.091951131294534
191,Strength,Male,1,3,36,1.23,3.2741212990941793
192,Cardio,Female,1,3,19,1.23,3.3748534063225533
193,Cardio,Male,1,2,43,1.33,3.6187251941907292
194,Yoga,Female,2,3,49,1.03,2.753023566744941
195,HIIT,Female,1,3,23,0.56,2.8780742300857587
196,Strength,Female,2,4,49,1.45,3.4196919642983197
197,HIIT,Male,3,4,21,1.71,3.5703774100329357
198,HIIT,Male,1,3,28,1.18,2.9590682891823996
199,Cardio,Male,2,4,34,1.26,3.322514859627687
200,Strength,Male,2,4,55,1.03,3.2902658209548736
201,HIIT,Female,3,5,41,1.84,3.261168737058452
202,Yoga,Female,1,3,22,1.49,3.1717842173343502
203,Yoga,Female,2,4,51,1.08,2.961140828784372
204,Cardio,Male,3,4,23,1.79,3.098288861879083
205,Yoga,Female,3,5,39,1.95,3.0017143452315387
206,Yoga,Male,2,3,28,1.2,3.3703944725071104
207,HIIT,Female,2,4,33,1.18,3.1497400860333387
208,Yoga,Male,2,4,50,1.37,2.8495497633759097
209,Yoga,Male,3,4,26,1.71,3.2546289945740186
210,HIIT,Female,2,4,23,1.47,3.3054204262683866
211,Cardio,Female,1,3,33,1.08,3.3203487937988347
212,Cardio,Female,3,4,46,1.83,3.2495989975110415
213,Strength,Female,2,3,20,1.28,3.2565568918358894
214,Yoga,Male,2,3,37,1.11,2.8460714989995846
215,HIIT,Female,1,3,53,1.24,3.393165209964891
216,Strength,Female,2,4,36,1.13,3.104586678466073
217,Cardio,Female,1,2,43,1.28,2.979094632400968
218,Cardio,Male,2,4,20,1.35,3.4048573424936426
219,HIIT,Male,1,2,36,1.19,3.588506479967149
220,Strength,Female,2,3,37,1.21,3.199896858270398
221,Strength,Male,3,4,49,1.87,3.208017081533325
222,HIIT,Female,1,3,24,0.63,2.996232148595642
223,HIIT,Male,3,4,58,1.57,3.1990811975400213
224,Strength,Male,2,3,50,1.46,3.5172010574184616
225,Cardio,Male,3,5,57,1.8,3.199896858270398
226,Yoga,Male,2,3,56,1.09,3.6114583071453517
227,Cardio,Female,2,4,35,1.0,3.2607852279454104
228,HIIT,Female,2,4,57,1.45,3.3724549127965013
229,Strength,Female,3,4,18,1.87,3.26880819361641
230,Strength,Male,2,3,28,1.16,3.4035279970004377
231,Yoga,Female,1,3,45,1.44,2.8535925063928684
232,Strength,Female,2,3,42,1.29,2.8656235882069705
233,Yoga,Female,3,4,40,1.55,3.102791345847399
234,Cardio,Male,2,4,48,1.36,3.382014562245381
235,Cardio,Male,2,4,47,1.2,2.9311937524164198
236,Strength,Male,2,3,59,1.13,3.3690184832979204
237,Strength,Female,3,4,52,1.6,3.1072736482868986
238,HIIT,Female,1,2,24,0.99,2.7738379416402132
239,HIIT,Female,2,4,33,1.29,3.3840512228271846
240,Strength,Male,1,2,43,0.82,3.5745903077118086
241,Strength,Male,1,2,19,1.31,3.445852022202587
242,Cardio,Female,1,2,18,1.11,2.996232148595642
243,Strength,Male,1,3,29,1.41,3.1130707659712242
244,HIIT,Male,2,3,22,1.16,3.4333418349887226
245,Cardio,Male,1,2,54,0.77,2.989714201228428
246,Yoga,Male,2,4,49,1.4,2.8166056076565558
247,HIIT,Female,1,3,26,0.81,3.2857865301508276
248,HIIT,Male,1,2,58,1.09,3.233173129569025
249,Cardio,Male,1,2,52,0.93,2.787477334733532
250,Yoga,Male,1,3,36,1.33,3.2669037938787824
251,HIIT,Male,2,3,33,1.04,3.8316802527456075
252,Strength,Female,2,4,20,1.39,3.2718477096343066
253,HIIT,Female,2,3,37,1.11,3.3130945001071823
254,Cardio,Male,2,4,41,1.01,3.319263998899469
255,Cardio,Male,1,2,50,1.31,2.929592471049446
256,Cardio,Male,3,4,41,1.69,3.2865344733420154
257,HIIT,Male,2,4,28,1.33,3.551340040091875
258,Yoga,Male,2,3,25,1.15,2.6195832197798796
259,Strength,Male,1,2,53,0.52,3.5635996376871786
260,Cardio,Female,1,2,55,1.06,3.3985271531062766
261,Yoga,Male,1,2,57,0.96,3.8860896234016415
262,Strength,Female,1,3,37,1.31,3.141994780532243
263,Cardio,Female,2,3,52,1.34,3.052112606990099
264,Strength,Male,2,3,42,1.01,3.326473835466219
265,Strength,Female,2,3,52,1.36,3.3181780259420632
266,Yoga,Female,2,3,42,1.07,3.2714682749873716
267,Strength,Female,3,4,46,1.52,3.062455905596899
268,Cardio,Female,2,4,35,1.03,3.029650491757452
269,Yoga,Female,3,5,35,1.63,3.2729851505152325
270,HIIT,Female,1,2,19,1.4,2.9841656371825254
271,HIIT,Male,1,3,52,1.36,3.7157647828953184
272,Yoga,Female,1,3,33,0.92,3.0633909220278057
273,HIIT,Female,2,3,58,1.12,3.240245850604393
274,Strength,Female,3,5,53,1.52,2.9215473753646144
275,Cardio,Male,1,2,50,0.81,3.4701013603093664
276,Strength,Female,3,5,21,1.97,3.080073421987742
277,Yoga,Male,1,2,50,1.48,2.9236990706541595
278,Cardio,Female,3,4,31,1.54,3.1970391302590264
279,Yoga,Male,1,2,38,0.8,3.4081729953985804
280,Yoga,Male,1,2,37,1.39,2.9156062290747062
281,Yoga,Female,2,3,25,1.35,3.2088254890146994
282,Strength,Female,1,3,24,0.83,2.688527534613346
283,Cardio,Male,1,2,20,0.63,3.5787855313168624
284,Cardio,Female,1,3,34,1.47,3.4372078191851885
285,Cardio,Male,3,5,50,1.79,3.488902962081261
286,Strength,Male,2,4,29,1.36,3.4806245152934774
287,HIIT,Male,1,2,39,0.81,3.319263998899469
288,Strength,Male,2,4,39,1.1,3.506157817298642
289,Strength,Male,2,4,47,1.37,3.228826155721369
290,Yoga,Female,1,2,55,0.9,2.7738379416402132
291,Cardio,Male,2,4,55,1.13,3.8392372357024933
292,Cardio,Male,1,2,25,1.42,3.40982670836021
293,HIIT,Female,1,3,44,1.41,3.228826155721369
294,HIIT,Male,2,4,44,1.4,3.159125820462427
295,Yoga,Female,1,3,51,1.4,3.40982670836021
296,Cardio,Female,2,3,38,1.07,3.043569602968151
297,HIIT,Female,2,3,47,1.48,2.9161477942111484
298,HIIT,Male,1,2,50,0.53,3.623540612805596
299,Cardio,Male,2,3,45,1.03,3.2767673032839784
300,Strength,Male,1,2,50,0.77,3.559340082758951
301,HIIT,Female,3,4,22,1.62,3.102791345847399
302,Cardio,Male,2,4,36,1.3,3.7912103852113983
303,HIIT,Female,3,4,21,1.94,3.2530839961979376
304,Yoga,Male,2,3,52,1.46,3.0061775314155295
305,HIIT,Female,1,2,34,1.36,3.4196919642983197
306,Cardio,Male,2,4,45,1.14,3.4781584227982836
307,HIIT,Male,3,5,47,1.85,3.23907053215372
308,Yoga,Male,2,3,46,1.43,2.976549454137217
309,Yoga,Female,3,5,23,1.67,2.976549454137217
310,HIIT,Female,3,4,52,1.83,3.3830334110344844
311,HIIT,Male,1,2,58,1.01,3.6060411758049318
312,Yoga,Male,1,2,54,0.81,3.1232455938529506
313,Yoga,Female,2,4,41,1.4,3.2164729402518906
314,Strength,Female,2,4,46,1.0,3.232384174892993
315,Strength,Female,3,4,48,1.98,3.265759410767051
316,Yoga,Male,3,4,52,1.84,3.3765631007037946
317,HIIT,Female,1,2,50,1.25,3.32862668882732
318,Cardio,Male,1,3,38,1.37,2.8213788864092133
319,HIIT,Female,2,4,49,1.16,2.8449093838194073
320,HIIT,Male,1,2,40,1.3,3.2311995745570328
321,Strength,Female,3,4,50,1.85,3.180550710546533
322,Strength,Female,2,3,20,1.04,3.4314032237192214
323,Strength,Female,2,4,35,1.13,3.366260811781259
324,Yoga,Female,1,2,42,1.14,3.073618812211062
325,Yoga,Female,2,3,59,1.03,3.0577676644734435
326,HIIT,Male,2,3,48,1.48,3.1692653243148663
327,HIIT,Female,2,4,20,1.42,3.2156706939192525
328,Cardio,Female,1,3,57,0.69,3.3840512228271846
329,HIIT,Female,2,3,41,1.42,3.3130945001071823
330,HIIT,Male,3,4,49,1.82,3.4378506993101907
331,Strength,Female,1,2,39,1.22,3.3006401266708405
332,Strength,Male,1,2,40,0.81,3.017982882488811
333,Strength,Female,1,2,19,0.96,3.086943153607375
334,Strength,Female,2,3,44,1.49,2.6748380668960965
335,Strength,Male,2,3,59,1.35,3.3823542938606757
336,Cardio,Female,2,4,19,1.2,3.204371138665319
337,Cardio,Male,1,3,43,1.17,3.0777729838902004
338,Cardio,Male,1,2,34,1.42,3.4946877247494945
339,Strength,Female,2,3,57,1.44,2.7650604558189897
340,Yoga,Male,2,4,50,1.07,3.467297183366679
341,Strength,Female,3,5,26,1.7,3.2962071678045244
342,Strength,Female,1,3,56,0.83,2.776954179749421
343,Cardio,Male,2,3,46,1.48,2.731766727719526
344,Strength,Male,2,3,59,1.43,3.5570608794930885
345,Cardio,Male,2,3,43,1.14,3.822317092343653
346,Strength,Male,2,3,52,1.31,3.217675104291682
347,HIIT,Female,2,3,42,1.15,3.12982600803469
348,Yoga,Female,3,5,41,1.99,3.017493765335504
349,Yoga,Male,1,2,30,0.64,2.9616582932202395
350,Cardio,Female,1,3,24,1.41,3.168003494494444
351,HIIT,Female,2,3,53,1.49,3.157425862551978
352,Yoga,Female,2,4,37,1.13,2.9512577834521614
353,Cardio,Female,1,3,18,0.84,3.4423393249933305
354,Strength,Male,1,3,25,0.67,3.0402275134405423
355,Strength,Male,1,2,33,1.38,3.3908102887756684
356,HIIT,Female,3,4,31,1.56,3.2112467977037094
357,Yoga,Male,1,2,29,0.64,3.3506055955460954
358,Strength,Male,1,3,40,0.9,2.8100049236252036
359,Cardio,Male,1,3,32,0.57,3.6573887870225654
360,Strength,Female,1,3,45,1.37,3.2669037938787824
361,Strength,Female,1,3,51,0.92,3.5624655292582776
362,Yoga,Female,2,3,19,1.21,2.9407479652212314
363,Yoga,Male,1,3,49,0.7,3.027715319407042
364,Cardio,Female,3,5,40,1.93,3.3228754148866857
365,HIIT,Female,1,3,39,0.92,3.1467351470905185
366,HIIT,Male,2,3,42,1.14,3.029650491757452
367,Strength,Female,3,4,39,1.88,3.120159851929043
368,Cardio,Female,2,3,39,1.33,3.277522020300934
369,HIIT,Male,2,4,59,1.3,3.580458705159516
370,HIIT,Male,1,2,23,1.35,3.382014562245381
371,Strength,Male,1,2,32,1.42,2.9719517448885875
372,Cardio,Female,2,4,54,1.19,2.979094632400968
373,HIIT,Female,3,4,50,1.6,2.9564715596006885
374,Yoga,Female,2,3,25,1.43,3.273742726309041
375,Yoga,Male,2,4,22,1.0,3.5037539699872475
376,Strength,Male,2,4,56,1.26,3.6821065698265074
377,Strength,Female,2,4,21,1.37,3.177220149599368
378,Strength,Female,1,2,23,1.25,3.2240623515555007
379,Strength,Male,2,3,49,1.03,3.4333418349887226
380,HIIT,Male,3,5,47,1.86,3.5703774100329357
381,Cardio,Male,1,2,52,0.93,3.312730400339825
382,Strength,Male,2,4,57,1.15,3.393837027255863
383,Strength,Female,1,2,33,0.85,3.1471649773142003
384,HIIT,Male,2,3,30,1.37,3.1813816204406202
385,Strength,Female,1,2,59,1.22,2.800933195248924
386,Strength,Female,2,3,47,1.37,3.1432898379116057
387,Cardio,Female,2,4,36,1.5,2.808800104202353
388,Yoga,Male,1,3,34,0.73,3.4242626545931514
389,Strength,Male,2,4,36,1.09,2.7587433154177283
390,HIIT,Male,2,4,45,1.31,3.032064202801381
391,Cardio,Male,3,5,43,1.9,3.126760535960395
392,HIIT,Female,1,2,54,1.24,3.139832617527748
393,Cardio,Male,1,2,43,1.18,3.0140632302387145
394,Cardio,Male,1,3,40,1.38,3.263084079532521
395,Strength,Female,3,5,26,1.93,3.3840512228271846
396,Strength,Male,3,4,29,1.52,3.5275363037051735
397,Strength,Female,2,4,18,1.23,3.239462458476589
398,Yoga,Female,3,4,18,1.9,3.1531632815028194
399,Yoga,Female,2,4,51,1.49,3.2714682749873716
400,HIIT,Female,2,4,49,1.14,3.3109079103146946
401,Strength,Female,1,3,42,1.04,2.714694743820879
402,Yoga,Female,2,4,57,1.2,3.013080911888604
403,Strength,Female,1,3,18,0.6,3.3079849999399764
404,Yoga,Female,3,4,33,1.77,3.1112906141882632
405,Yoga,Male,2,3,56,1.0,3.616846251214105
406,Cardio,Male,2,4,22,1.48,3.428488241898059
407,Strength,Male,1,3,39,1.32,3.033028058297688
408,Strength,Male,1,3,46,1.4,3.724487881581304
409,Yoga,Female,1,2,20,0.5,3.0666566118906897
410,Strength,Male,1,2,29,1.45,3.0740812399649675
411,Yoga,Female,1,2,43,0.73,2.803360380906535
412,Strength,Male,3,4,33,1.59,3.0754672415728446
413,Cardio,Male,2,4,54,1.28,2.924773184613497
414,Strength,Male,1,2,39,0.72,3.4490347110763153
415,Cardio,Female,1,3,46,0.88,3.1454445467823176
416,HIIT,Male,2,4,31,1.49,3.3304171996011083
417,Strength,Female,2,4,45,1.25,2.9402195636237325
418,Strength,Female,2,3,22,1.27,3.0469005601283903
419,Strength,Male,3,4,47,1.98,3.12982600803469
420,Cardio,Male,2,4,22,1.35,3.6176519448255684
421,Strength,Male,3,5,29,1.65,3.0731561705187946
422,Strength,Female,3,5,33,1.84,3.2495989975110415
423,Yoga,Male,1,2,43,1.28,3.367985247456042
424,HIIT,Female,3,5,43,1.86,3.2441536320524693
425,Cardio,Female,1,2,38,0.62,2.6152036507358583
426,Yoga,Male,3,5,56,1.51,3.202339856228101
427,Cardio,Male,1,3,53,0.69,3.4669851222001586
428,Yoga,Female,3,5,50,1.93,3.18924101973851
429,HIIT,Female,3,5,47,1.54,3.029650491757452
430,Yoga,Female,3,4,54,1.74,3.351656936102019
431,Cardio,Male,2,3,40,1.43,2.7631695003232895
432,Strength,Female,1,3,27,0.94,3.154443964708812
433,Strength,Male,1,3,22,0.51,2.9637254774189046
434,HIIT,Female,2,4,53,1.06,3.199896858270398
435,Cardio,Female,1,3,51,1.43,3.2588654730843594
436,Cardio,Male,2,3,48,1.01,3.517497837358316
437,Cardio,Female,1,2,27,1.39,2.9496883350525844
438,HIIT,Male,3,5,36,1.8,3.1493113614822916
439,Strength,Male,2,4,49,1.14,2.914522218128448
440,Yoga,Female,3,5,18,1.98,3.3562000157314196
441,HIIT,Male,1,3,22,1.04,2.7466296830696852
442,Yoga,Male,3,4,21,1.8,3.1531632815028194
443,Strength,Female,3,5,33,1.58,3.2240623515555007
444,HIIT,Male,2,3,41,1.22,3.1086144306106633
445,Strength,Male,2,4,33,1.4,3.751854253275325
446,Yoga,Male,2,4,19,1.21,3.3600281046240843
447,Cardio,Female,1,2,45,0.66,3.3167282250357055
448,Cardio,Male,2,3,49,1.2,3.696351468952637
449,Yoga,Female,1,2,44,0.88,2.803360380906535
450,Cardio,Female,1,2,37,0.69,3.4622924810219664
451,Yoga,Male,1,2,41,0.77,3.183870215669385
452,HIIT,Male,1,2,29,0.76,3.199896858270398
453,HIIT,Male,1,2,52,0.85,2.826129489167811
454,HIIT,Female,1,2,50,1.2,3.2406373166497136
455,Cardio,Male,3,4,50,1.7,3.515418525752178
456,Strength,Male,2,3,54,1.35,3.539508997459668
457,Cardio,Male,3,5,29,1.88,3.204776900488699
458,Cardio,Male,2,3,20,1.25,3.6514371586380663
459,Strength,Male,1,3,18,0.88,2.9507349076232554
460,Strength,Female,2,4,50,1.24,3.2011191032789417
461,Strength,Female,2,3,57,1.31,3.3090820927543496
462,Strength,Male,1,2,27,1.13,3.030616675407493
463,Cardio,Male,2,3,46,1.47,3.3874364664121184
464,Yoga,Male,1,2,30,1.25,3.142858338444285
465,HIIT,Male,2,4,29,1.31,3.5731879796177446
466,Yoga,Female,2,4,48,1.46,3.3170908723651555
467,Cardio,Male,1,2,19,0.83,3.558770768766916
468,Strength,Female,1,3,52,1.17,3.283539338193923
469,HIIT,Female,2,4,40,1.18,3.054001181677967
470,HIIT,Male,2,3,34,1.41,3.8691155044168695
471,Yoga,Female,1,3,43,1.31,3.3971893602646164
472,Cardio,Female,3,5,25,1.62,3.2976870052924907
473,Cardio,Female,1,2,46,0.7,3.0007198150650303
474,Cardio,Female,2,3,43,1.33,2.803360380906535
475,HIIT,Male,3,4,27,1.82,3.5322256440685598
476,Yoga,Male,1,3,43,1.09,3.5975861956675455
477,HIIT,Female,1,3,51,0.86,3.314913013065143
478,HIIT,Male,1,2,58,1.21,3.1032404812692764
479,Strength,Male,1,3,24,0.97,2.9595868269176377
480,Yoga,Male,1,3,21,0.97,3.3210713371828704
481,Strength,Male,2,3,28,1.05,3.51631018876266
482,Cardio,Male,1,2,46,0.91,2.9647574692545606
483,HIIT,Female,2,3,53,1.34,3.102791345847399
484,Yoga,Male,3,5,42,1.54,3.2962071678045244
485,Cardio,Male,3,5,38,1.66,3.3537563070620187
486,Yoga,Male,2,4,53,1.36,3.475067230228611
487,HIIT,Male,1,3,27,0.74,2.9626924194757907
488,Yoga,Female,2,4,54,1.1,3.4503049557691834
489,Cardio,Female,2,4,26,1.07,3.0402275134405423
490,Strength,Female,2,4,41,1.27,3.260017768199376
491,HIIT,Female,1,3,52,1.41,2.8791984572980396
492,Strength,Male,3,5,52,1.7,3.3101779832749867
493,HIIT,Female,2,4,53,1.06,2.799108932049177
494,Cardio,Male,1,2,35,0.84,3.340385242265398
495,HIIT,Male,1,2,56,0.66,3.5172010574184616
496,Strength,Male,2,4,49,1.29,3.2311995745570328
497,HIIT,Male,3,5,41,1.87,3.1917101567954314
498,Cardio,Male,2,3,40,1.22,2.8920370372152258
499,HIIT,Female,2,3,49,1.28,3.079613757534693
500,Strength,Female,1,2,54,1.38,3.0777729838902004
501,Cardio,Female,2,4,29,1.08,3.1871787381249463
502,Strength,Female,2,3,30,1.3,3.2665224783355535
503,HIIT,Male,1,2,40,0.87,3.0492730404820207
504,Yoga,Female,1,2,42,0.61,2.7644305345383176
505,Strength,Male,2,4,52,1.48,3.119276459645446
506,HIIT,Female,1,3,58,1.08,2.9407479652212314
507,Yoga,Male,2,3,47,1.44,3.307619034702589
508,Yoga,Male,1,2,34,0.81,3.2623183827110376
509,Cardio,Female,1,2,37,0.97,3.159550358783386
510,Yoga,Male,1,2,42,1.37,2.847812143477369
511,Strength,Male,3,5,39,1.96,3.2965773325320527
512,Strength,Female,3,4,30,1.85,3.147594622863237
513,Yoga,Male,3,5,36,1.98,3.22525543183224
514,HIIT,Female,2,4,53,1.41,3.3792925462741055
515,Strength,Female,1,2,29,0.85,3.17220341666977
516,Strength,Female,2,4,58,1.28,3.3028492586443794
517,Cardio,Male,2,4,36,1.38,3.5313480661272005
518,HIIT,Male,3,4,29,1.66,3.4852321106052293
519,Yoga,Male,1,2,26,0.93,3.3232358401924436
520,HIIT,Female,2,3,24,1.42,3.361069590571376
521,Cardio,Male,1,3,45,1.29,3.062455905596899
522,Cardio,Female,1,2,31,1.1,2.928523523860541
523,HIIT,Female,2,4,48,1.37,3.2546289945740186
524,Cardio,Male,2,4,36,1.02,3.768152635008444
525,Cardio,Female,1,3,33,0.9,3.098288861879083
526,Cardio,Male,1,2,22,0.52,3.3617633124167483
527,HIIT,Male,2,4,52,1.34,3.2950958507796098
528,Cardio,Male,2,4,29,1.29,3.511843901749219
529,Yoga,Male,3,4,42,1.68,3.208017081533325
530,Yoga,Male,3,5,38,1.74,3.3530570063342204
531,Strength,Female,2,3,53,1.37,2.9231615807191558
532,Yoga,Female,1,2,40,0.61,3.2136622578153133
533,Strength,Female,2,4,33,1.15,3.2168738221975275
534,HIIT,Male,2,4,56,1.01,3.4916472845842277
535,Cardio,Male,1,3,59,0.72,3.098288861879083
536,Yoga,Male,3,5,56,1.77,3.48216274048526
537,Strength,Female,1,3,31,1.46,2.6932749155200555
538,HIIT,Male,3,5,48,1.9,3.270708973508218
539,Strength,Female,2,3,22,1.45,3.5570608794930885
540,Cardio,Female,2,4,52,1.27,3.385067999732272
541,Yoga,Male,2,4,40,1.13,3.0846584827483925
542,HIIT,Male,3,5,46,1.83,3.094219220268645
543,Strength,Female,2,3,28,1.1,3.2335673736111907
544,HIIT,Male,2,4,35,1.03,3.092858984284714
545,Strength,Female,1,3,29,1.48,3.209229447816395
546,Strength,Male,2,3,26,1.17,3.212455257065278
547,Cardio,Male,1,2,27,1.34,3.458207636378935
548,Cardio,Female,2,4,34,1.37,3.4468078929142076
549,Strength,Male,2,4,55,1.36,2.9626924194757907
550,Yoga,Female,2,3,24,1.25,3.3105430133940246
551,HIIT,Male,1,3,30,1.27,3.4682327829983137
552,HIIT,Female,1,3,57,0.92,3.3246762437544124
553,Cardio,Female,2,3,59,1.17,3.260017768199376
554,Yoga,Male,1,2,26,1.02,3.4622924810219664
555,Strength,Female,1,2,44,1.4,3.3017453026904953
556,Cardio,Male,1,3,19,0.61,2.848970892158587
557,Strength,Male,3,5,22,1.91,3.2140642678709788
558,Strength,Male,2,4,46,1.16,3.093312601892855
559,Cardio,Female,1,3,54,0.97,3.279029747687948
560,Yoga,Female,1,3,55,1.08,3.2767673032839784
561,HIIT,Male,1,3,36,1.37,3.3565486299932736
562,Cardio,Male,2,3,25,1.04,3.6111881463980646
563,Yoga,Female,2,3,18,1.42,3.3386125064705343
564,Strength,Male,1,2,39,0.77,3.2140642678709788
565,Cardio,Male,1,2,34,0.67,3.222469360378331
566,HIIT,Female,1,2,24,1.29,3.1063787936410545
567,HIIT,Male,2,3,42,1.32,3.054001181677967
568,Strength,Female,2,3,21,1.14,3.3683297780365384
569,Cardio,Male,1,3,53,0.54,3.1763857732472487
570,HIIT,Female,1,2,23,1.34,3.3017453026904953
571,Cardio,Male,1,3,48,1.36,3.5325179989895132
572,HIIT,Male,3,5,36,1.87,3.4368862240706624
573,Strength,Female,1,2,56,1.45,3.336481066942464
574,Strength,Male,2,4,44,1.35,3.6232736970159425
575,Cardio,Female,2,4,27,1.26,3.101442727976105
576,Yoga,Male,1,3,43,1.03,2.9079933592459843
577,Yoga,Female,1,3,36,1.23,2.9041650800285006
578,Strength,Female,1,2,56,1.29,2.9183111265854063
579,HIIT,Female,2,3,20,1.27,3.229222116922345
580,Yoga,Female,2,4,30,1.03,3.3988613218646075
581,Strength,Male,2,4,45,1.08,2.7631695003232895
582,HIIT,Male,2,4,37,1.36,3.232778730037192
583,HIIT,Female,1,2,45,1.47,2.8622008809294686
584,Yoga,Female,3,4,25,1.56,2.93651291389402
585,Strength,Female,2,4,58,1.38,2.9349201341572337
586,HIIT,Male,1,3,56,0.68,2.6953026282797072
587,HIIT,Male,3,4,18,1.83,3.12060125559986
588,Cardio,Male,2,3,20,1.01,3.7198935076431057
589,Cardio,Male,2,4,30,1.24,3.4468078929142076
590,Yoga,Female,2,4,45,1.14,3.212455257065278
591,Cardio,Female,3,5,42,1.76,3.073618812211062
592,Strength,Female,2,4,50,1.41,2.9569914452375605
593,Yoga,Male,1,3,55,0.69,3.793239469438179
594,Yoga,Male,1,2,23,0.89,3.4164143474670157
595,Cardio,Male,3,4,49,1.83,3.141994780532243
596,HIIT,Female,1,3,38,1.25,3.126760535960395
597,Strength,Female,1,3,33,1.06,3.2100368762009963
598,Strength,Male,2,4,38,1.03,2.8027541365715076
599,Strength,Female,2,4,28,1.46,3.279782759771722
600,Yoga,Male,2,3,54,1.14,3.077312260546414
601,Strength,Male,3,5,53,1.87,3.488902962081261
602,HIIT,Female,1,3,52,1.36,3.2472688993694185
603,HIIT,Male,1,3,36,0.84,3.757472245579548
604,Cardio,Female,1,2,37,0.54,3.2857865301508276
605,Strength,Male,3,5,35,1.78,3.25848107946056
606,Yoga,Female,2,4,58,1.03,3.311637304949512
607,Cardio,Female,1,2,31,0.59,3.0209125720842893
608,HIIT,Female,3,5,32,1.67,3.2011191032789417
609,Strength,Male,3,5,48,1.81,3.3714252233284854
610,HIIT,Male,3,5,18,1.73,3.2311995745570328
611,Cardio,Female,3,4,20,1.71,3.058237478905388
612,HIIT,Female,1,3,33,1.25,3.0199369622508083
613,Strength,Male,2,4,40,1.42,2.8183982582710754
614,Strength,Male,2,4,28,1.06,3.640476714885769
615,Cardio,Male,3,5,29,1.75,3.2441536320524693
616,Strength,Female,2,4,27,1.19,3.3523572162426816
617,HIIT,Male,2,4,49,1.29,3.2164729402518906
618,HIIT,Male,2,3,33,1.4,3.5409593240373143
619,Yoga,Female,1,2,25,0.55,3.506757877322648
620,Yoga,Male,2,4,55,1.19,3.248822901236153
621,Yoga,Male,3,4,29,1.52,3.263849190510932
622,HIIT,Male,3,5,41,1.97,3.435598808379488
623,HIIT,Female,1,3,45,0.76,3.1851121947153915
624,Cardio,Female,1,2,25,0.89,2.8414149131696336
625,Yoga,Female,1,3,45,0.95,3.051166980442092
626,HIIT,Female,2,4,53,1.17,3.4528406148139936
627,Cardio,Female,3,5,43,1.67,2.967332799032293
628,HIIT,Female,1,3,25,1.12,3.1363634032937364
629,Cardio,Female,2,4,45,1.18,3.2300135692786567
630,Yoga,Male,3,5,45,1.7,3.3446270301737613
631,Yoga,Male,2,3,54,1.48,3.3645333972905638
632,Yoga,Female,2,4,58,1.28,2.863913698933143
633,HIIT,Male,2,3,53,1.3,2.9258461460898246
634,HIIT,Male,2,4,44,1.26,3.365224721203338
635,Cardio,Female,1,3,34,1.13,3.1970391302590264
636,Strength,Male,2,3,26,1.15,2.7868613815264998
637,Strength,Male,2,4,50,1.38,2.7985001040242823
638,Yoga,Male,3,5,37,1.58,3.192531849528599
639,Strength,Male,2,4,30,1.46,3.605226069116683
640,Yoga,Male,2,3,45,1.06,3.4701013603093664
641,Cardio,Female,1,3,46,1.41,2.844327819394758
642,Strength,Female,2,3,30,1.08,2.8909271591878647
643,Strength,Female,1,3,52,0.75,3.584629432740137
644,Yoga,Male,1,2,23,0.72,3.5956670723917576
645,Cardio,Female,2,4,35,1.28,3.4124669739203863
646,Strength,Male,3,5,22,1.88,3.5473158897921495
647,Strength,Male,1,3,42,0.52,3.3555024224000256
648,Strength,Male,2,4,19,1.27,3.5650154668915506
649,Cardio,Male,3,4,27,1.8,3.1599747169480397
650,Cardio,Female,1,3,47,0.51,2.864483986944037
651,Strength,Female,2,3,22,1.47,2.922623801733353
652,Yoga,Male,2,4,50,1.17,3.0506938316279655
653,Yoga,Female,2,3,18,1.29,3.12060125559986
654,Strength,Male,1,3,35,1.3,3.1126260250254902
655,Cardio,Female,1,2,49,1.38,3.3090820927543496
656,Strength,Female,2,3,28,1.1,3.4216533902295376
657,Cardio,Male,2,4,38,1.31,2.97756830292632
658,Strength,Female,1,2,43,0.82,3.091042453358316
659,Cardio,Male,2,3,42,1.1,3.2108436531709366
660,HIIT,Female,1,2,39,1.17,3.0160249768217535
661,Yoga,Male,2,4,44,1.34,3.676300671907076
662,HIIT,Male,1,2,30,1.13,2.8936995479888394
663,Yoga,Female,3,5,50,1.88,3.138533072185662
664,Cardio,Female,1,2,51,0.71,3.467297183366679
665,HIIT,Male,1,3,58,1.12,2.8466520505398383
666,Yoga,Female,1,2,52,1.5,2.9796028916241073
667,Strength,Female,1,2,18,0.97,3.448080967561006
668,Cardio,Male,3,4,38,1.72,3.3134584673541485
669,Cardio,Male,3,4,23,1.6,3.2100368762009963
670,Strength,Female,1,2,45,1.45,2.9806186357439426
671,Strength,Male,2,4,34,1.38,2.8570447537800976
672,Yoga,Male,2,4,22,1.42,2.9987277825337895
673,Cardio,Male,3,4,48,1.51,3.2857865301508276
674,Yoga,Female,2,3,22,1.0,3.030616675407493
675,Strength,Female,1,3,55,1.32,3.126760535960395
676,Cardio,Male,2,4,20,1.02,3.4173987610001633
677,Strength,Female,2,3,40,1.27,3.000222178826843
678,Yoga,Male,1,3,54,1.13,3.40452517175483
679,Yoga,Female,2,4,54,1.41,3.40684805317097
680,Yoga,Male,1,2,27,1.48,2.996232148595642
681,Cardio,Male,2,4,27,1.38,3.5360196074696004
682,Strength,Female,1,3,36,0.99,3.013572191682322
683,Strength,Male,2,4,34,1.18,3.0497468618602293
684,Yoga,Female,2,4,38,1.21,3.1350593387750902
685,Yoga,Female,2,3,31,1.17,3.017982882488811
686,Yoga,Male,1,3,26,1.13,3.0315819264476884
687,Yoga,Male,2,3,18,1.46,3.8316802527456075
688,HIIT,Female,2,4,30,1.02,3.1561489949598958
689,HIIT,Male,2,3,21,1.37,3.259249719006474
690,HIIT,Male,2,3,18,1.2,3.018960399673198
691,Yoga,Male,2,4,57,1.14,3.1415627217655304
692,Yoga,Male,3,5,49,1.98,3.2311995745570328
693,Strength,Male,1,2,51,1.14,3.080073421987742
694,Cardio,Female,3,5,45,1.67,3.2112467977037094
695,Strength,Female,2,3,48,1.19,3.3971893602646164
696,HIIT,Male,1,3,25,1.13,3.4738280726970627
697,Strength,Male,1,2,56,1.37,3.5544905510752844
698,Yoga,Male,1,3,43,1.24,3.0832851705618527
699,HIIT,Female,2,4,51,1.11,3.193352867637115
700,HIIT,Male,2,3,20,1.14,3.239462458476589
701,Cardio,Female,2,4,29,1.2,3.43043250693049
702,Cardio,Female,2,3,18,1.07,3.337192051686243
703,HIIT,Female,2,4,22,1.37,2.8166056076565558
704,HIIT,Male,1,3,47,1.42,3.1629401925378975
705,Strength,Female,1,3,47,0.8,2.6326080059353516
706,HIIT,Male,2,4,34,1.18,3.521643534738023
707,Yoga,Female,1,3,40,0.85,3.4058531931983493
708,Strength,Male,1,3,32,1.45,3.358289880650879
709,Yoga,Female,2,4,54,1.29,2.8384934971274993
710,Yoga,Male,2,4,38,1.34,3.8707842574115485
711,Yoga,Female,3,5,31,1.8,3.210440346047099
712,HIIT,Male,3,5,19,1.9,3.1112906141882632
713,Cardio,Male,2,4,28,1.35,3.3130945001071823
714,Cardio,Male,2,3,56,1.29,3.707946516831162
715,Yoga,Male,2,3,55,1.0,3.3527071725017215
716,HIIT,Female,2,4,51,1.07,3.031099417391282
717,Strength,Female,1,3,55,0.54,3.331489969237335
718,Yoga,Male,2,3,51,1.38,3.745732265706719
719,Strength,Female,3,5,35,1.71,3.1663185741295248
720,Strength,Male,1,3,47,1.36,3.170105660498771
721,HIIT,Male,2,3,32,1.36,3.270708973508218
722,HIIT,Female,2,4,44,1.27,3.1437211512674406
723,Cardio,Male,1,2,51,1.36,2.9967317738870745
724,Cardio,Male,1,3,55,1.44,3.4001968813285717
725,HIIT,Female,1,3,50,0.89,3.4541060373175574
726,Yoga,Male,1,3,41,1.26,2.7644305345383176
727,Cardio,Male,1,2,32,0.58,3.2519236789144013
728,Strength,Male,3,4,47,2.0,3.509154523167248
729,Yoga,Male,1,3,59,0.57,3.5284172316728752
730,Strength,Female,2,3,34,1.02,2.949164637737656
731,HIIT,Female,1,3,22,1.38,3.3488509012899463
732,Strength,Female,3,4,46,1.61,3.3087165288679903
733,Yoga,Male,1,3,21,1.06,3.6828613817883733
734,HIIT,Male,2,3,27,1.41,3.4544221428994533
735,Yoga,Female,3,5,34,1.76,3.2386784521643803
736,Strength,Male,3,4,27,1.75,3.469790173127767
737,Yoga,Male,1,2,34,1.36,3.588782837575651
738,HIIT,Male,3,5,37,1.81,3.457577715098263
739,Strength,Male,2,4,41,1.06,3.389799336709786
740,Strength,Female,2,4,22,1.36,3.3379025312898416
741,Cardio,Female,1,2,51,0.97,3.464485120898074
742,Cardio,Female,1,2,23,0.51,3.1493113614822916
743,Yoga,Male,2,3,19,1.17,3.0022112396517002
744,Cardio,Female,2,4,30,1.41,3.2530839961979376
745,Cardio,Female,2,3,28,1.49,3.3631493140246254
746,Cardio,Male,2,4,40,1.16,2.91235066461494
747,Cardio,Male,2,3,33,1.45,2.6282852326333477
748,HIIT,Female,1,3,48,0.75,3.2140642678709788
749,HIIT,Female,2,3,28,1.49,3.4809323496810087
750,Cardio,Female,1,2,33,1.02,3.186352633162641
751,Yoga,Female,2,3,25,1.36,3.1826266921930797
752,HIIT,Male,2,3,21,1.32,3.040705639196722
753,Cardio,Female,3,5,57,1.52,3.312730400339825
754,HIIT,Female,1,2,21,0.55,2.9085390618516134
755,Strength,Male,1,3,42,0.63,2.9806186357439426
756,HIIT,Female,1,2,20,0.91,2.8610573702273894
757,HIIT,Male,1,3,49,0.93,2.747270914255491
758,Yoga,Male,1,2,20,0.79,3.2816628129669656
759,HIIT,Male,3,5,44,1.51,3.2865344733420154
760,Yoga,Female,1,3,46,1.11,3.1450139762697455
761,Strength,Female,1,3,49,0.93,3.264613716542055
762,Cardio,Male,2,3,36,1.49,3.5183876490735586
763,Yoga,Female,2,4,38,1.19,3.447762850809476
764,HIIT,Female,2,4,22,1.45,2.8656235882069705
765,HIIT,Male,1,2,35,0.84,3.5186840771178223
766,Yoga,Male,2,3,45,1.47,3.0832851705618527
767,Strength,Female,1,3,59,1.46,3.226447090364519
768,Cardio,Male,1,2,39,0.55,3.058237478905388
769,HIIT,Female,3,5,38,1.64,3.2072080200005186
770,Strength,Female,1,3,23,0.76,2.9714395809849465
771,Cardio,Female,2,3,18,1.29,2.9796028916241073
772,Cardio,Female,2,4,22,1.48,2.7813006628418027
773,HIIT,Male,1,2,58,0.9,3.4496700351129332
774,Yoga,Male,3,4,29,1.79,3.391147045808654
775,HIIT,Male,1,3,43,1.08,3.4515735889872223
776,HIIT,Male,2,3,51,1.22,3.1210424645194377
777,HIIT,Female,3,4,31,1.72,3.011113375592293
778,Strength,Female,2,4,43,1.03,2.9543893100196086
779,Yoga,Male,3,5,44,1.66,3.1488824530476656
780,Strength,Female,1,2,26,1.37,3.299533727885655
781,HIIT,Female,2,4,43,1.48,3.098288861879083
782,Yoga,Female,1,2,39,0.89,3.12982600803469
783,Cardio,Male,2,3,47,1.29,2.589266665112243
784,Yoga,Male,3,4,34,1.9,3.518091133133655
785,HIIT,Male,1,2,43,1.31,3.4124669739203863
786,Yoga,Female,2,3,53,1.34,2.7047112998366956
787,Cardio,Male,1,3,18,0.66,3.210440346047099
788,Cardio,Male,2,4,25,1.47,3.3134584673541485
789,Yoga,Male,2,3,52,1.01,2.695977619867941
790,Cardio,Male,3,4,32,1.77,3.4876808415502927
791,Strength,Male,2,4,39,1.35,2.935451342669061
792,Yoga,Male,1,2,31,0.71,2.9396908826703663
793,Cardio,Female,1,3,43,0.79,3.154443964708812
794,Cardio,Female,1,2,45,0.74,2.8172035149987327
795,Yoga,Male,1,2,40,0.91,3.331847303527362
796,Strength,Male,1,2,31,0.56,2.9851767596144745
797,Yoga,Female,3,4,41,1.93,3.178470410233162
798,Cardio,Female,2,4,19,1.42,2.91235066461494
799,Yoga,Male,2,3,43,1.11,3.0378334495726262
800,Cardio,Male,1,2,31,0.6,3.0572976292121457
801,HIIT,Male,3,4,24,1.76,3.3509561652254085
802,Yoga,Male,2,3,20,1.33,3.2355362657613083
803,Yoga,Female,1,3,40,0.87,3.374168709274236
804,Cardio,Male,2,4,35,1.41,3.204371138665319
805,Cardio,Male,2,3,55,1.19,3.311637304949512
806,Cardio,Male,1,2,52,0.53,3.732657076459824
807,Cardio,Male,2,3,32,1.39,3.091042453358316
808,Yoga,Female,2,4,42,1.17,3.359680701459222
809,Cardio,Female,1,2,54,1.08,3.1822118404966093
810,Yoga,Female,3,4,45,1.67,3.3361253849184407
811,Strength,Male,3,5,27,1.62,3.2786530289040616
812,Yoga,Male,2,3,56,1.38,3.5779478934066544
813,Cardio,Female,2,4,34,1.13,3.1561489949598958
814,Cardio,Male,2,3,56,1.09,2.8887037007954675
815,Strength,Male,2,3,39,1.26,3.676047475298558
816,Yoga,Female,2,4,43,1.42,3.4239368686316447
817,Strength,Female,1,3,42,1.07,3.2276373305367736
818,Yoga,Female,2,4,34,1.33,3.061520014091994
819,Cardio,Female,3,4,30,1.78,3.319987326236612
820,Yoga,Male,2,4,37,1.23,3.1642084235258925
821,Cardio,Male,1,2,42,1.22,3.1041381473977774
822,Cardio,Female,2,3,21,1.19,3.285412348668445
823,HIIT,Male,1,3,27,0.96,3.315639493300509
824,HIIT,Female,1,2,20,1.08,2.89314568477889
825,Yoga,Female,1,2,58,0.74,3.022860940942244
826,Cardio,Male,1,2,35,1.1,3.6630486940794147
827,Strength,Female,2,4,53,1.12,3.1875915348284343
828,Cardio,Male,2,4,39,1.35,2.812410216426453
829,Strength,Male,1,2,51,1.47,2.8039662579320366
830,Yoga,Male,3,4,25,1.94,3.1130707659712242
831,Yoga,Male,3,5,57,1.76,3.4330189939851112
832,Strength,Female,3,5,36,1.63,3.0577676644734435
833,Strength,Male,1,3,59,1.24,3.8124236402053913
834,Cardio,Female,2,4,58,1.05,3.2108436531709366
835,Yoga,Female,3,4,54,1.69,3.1561489949598958
836,Cardio,Female,2,3,23,1.37,3.2519236789144013
837,Strength,Female,1,2,43,0.99,3.2748780149834857
838,HIIT,Male,1,2,51,1.21,3.518980417318539
839,HIIT,Male,2,4,23,1.15,3.393837027255863
840,HIIT,Female,3,5,54,1.76,2.9678470700644555
841,Strength,Female,2,4,50,1.22,3.0497468618602293
842,Cardio,Male,2,4,39,1.32,3.3207101307494686
843,Yoga,Female,1,2,38,0.74,3.455685566946225
844,Strength,Male,2,4,23,1.0,3.6230067099632284
845,HIIT,Female,3,4,23,1.8,3.209633243501268
846,Cardio,Male,1,2,21,1.0,3.475376779836407
847,Yoga,Female,2,4,47,1.03,2.8713021951758138
848,Yoga,Female,3,5,28,1.99,2.9014215940827497
849,Strength,Male,1,2,47,0.71,3.7383836490170252
850,Strength,Female,2,4,48,1.34,3.331847303527362
851,Yoga,Female,1,3,41,1.34,3.138099514840913
852,Yoga,Male,2,4,26,1.15,3.7261752388576332
853,HIIT,Female,2,3,20,1.07,3.386422096080001
854,Yoga,Male,2,4,48,1.06,3.928683446321253
855,Strength,Male,2,3,57,1.1,3.3617633124167483
856,Cardio,Female,1,3,54,0.72,3.3830334110344844
857,HIIT,Female,3,4,53,1.77,3.3253956682458736
858,HIIT,Female,2,4,41,1.04,3.3079849999399764
859,Yoga,Female,1,3,48,0.74,2.9947317732204075
860,Cardio,Female,2,4,23,1.38,3.202746442938317
861,HIIT,Female,2,4,19,1.35,2.9236990706541595
862,Strength,Female,1,2,37,1.01,3.154443964708812
863,Yoga,Male,3,4,45,1.7,3.298795448044074
864,Strength,Female,3,5,28,1.94,3.2538567937634464
865,Yoga,Male,1,2,21,1.3,3.43043250693049
866,HIIT,Female,3,4,32,1.65,3.1763857732472487
867,Yoga,Female,1,3,23,0.82,2.664446563620078
868,Cardio,Male,1,2,47,0.77,3.869950229006238
869,Strength,Female,1,2,55,1.28,2.8284963541780774
870,Cardio,Female,3,5,19,1.87,3.2268439945173775
871,Strength,Male,2,3,32,1.18,2.9851767596144745
872,Strength,Female,1,2,28,0.68,3.219275744889528
873,Yoga,Female,2,3,25,1.03,2.756205242989257
874,HIIT,Female,2,3,43,1.5,2.6658383522929006
875,HIIT,Male,1,2,22,0.91,3.3339886319687055
876,Cardio,Female,3,5,23,1.59,3.1867657709499673
877,Yoga,Female,3,4,43,1.88,3.1978564576441255
878,HIIT,Female,2,3,21,1.07,2.914522218128448
879,Strength,Female,3,4,36,1.65,2.966303462863179
880,Strength,Male,2,4,37,1.49,3.1871787381249463
881,Yoga,Male,3,4,50,1.85,3.2846635654062037
882,Cardio,Female,2,3,37,1.03,3.2272407411998283
883,Yoga,Female,2,3,29,1.33,3.038791763014438
884,Cardio,Male,1,3,18,1.03,3.417726683613366
885,Yoga,Male,3,5,43,1.58,3.279406324608233
886,Strength,Female,2,4,31,1.22,2.9052603703899154
887,Yoga,Male,1,3,55,0.77,2.968361076757859
888,HIIT,Female,1,2,54,0.76,3.444895236927875
889,HIIT,Male,2,4,28,1.29,3.3474449256629084
890,Yoga,Male,2,3,53,1.09,3.2068032436339315
891,Cardio,Male,2,4,30,1.32,3.51631018876266
892,Cardio,Male,3,5,20,1.72,3.188416617383492
893,Strength,Female,1,2,50,0.73,3.4111477125153233
894,Strength,Male,2,3,23,1.15,3.0315819264476884
895,Cardio,Male,1,3,27,0.68,3.2363227384719213
896,Yoga,Female,3,5,22,1.83,3.3232358401924436
897,Strength,Male,3,5,40,1.63,3.2928695047765273
898,Cardio,Male,2,3,27,1.28,3.636269503841639
899,Cardio,Female,2,3,19,1.46,3.307619034702589
900,Yoga,Male,1,2,30,0.66,3.4756862336528944
901,HIIT,Female,2,3,57,1.05,3.0937660138253564
902,Cardio,Female,3,5,19,1.65,3.2180755046974316
903,Strength,Female,2,4,37,1.38,3.1285133847878095
904,Yoga,Female,1,2,18,0.94,3.1285133847878095
905,Yoga,Male,2,3,54,1.42,3.386422096080001
906,Yoga,Female,3,4,26,1.88,3.221671912170202
907,HIIT,Male,1,2,34,0.96,3.581294243433999
908,HIIT,Male,1,2,26,0.75,2.6369121732688705
909,Strength,Male,2,4,28,1.32,2.745345985845907
910,Strength,Male,3,4,32,1.93,3.233173129569025
911,Yoga,Male,1,2,41,0.79,3.440097530619712
912,Strength,Male,1,3,55,0.77,3.7157647828953184
913,Cardio,Male,1,2,52,1.19,3.2495989975110415
914,HIIT,Male,1,3,47,0.72,3.2786530289040616
915,Yoga,Male,2,4,48,1.05,3.1280754605417043
916,Yoga,Male,2,3,22,1.24,3.750914845033389
917,Cardio,Female,2,4,31,1.26,3.3130945001071823
918,Cardio,Female,2,3,28,1.13,3.301008654406723
919,Cardio,Female,1,2,26,1.15,3.4855385300959063
920,Cardio,Male,3,4,51,1.56,3.544142657647253
921,Yoga,Female,2,4,29,1.31,3.1917101567954314
922,HIIT,Female,3,4,52,1.66,3.210440346047099
923,HIIT,Female,2,3,52,1.02,3.3769046890931107
924,Cardio,Male,1,3,18,0.94,3.8088822465086327
925,Strength,Male,2,3,57,1.13,2.712706012638404
926,Yoga,Male,1,3,39,0.89,3.3386125064705343
927,HIIT,Male,2,4,46,1.31,3.080073421987742
928,Cardio,Female,1,2,25,0.95,3.1612467120315646
929,Strength,Female,1,3,28,0.61,3.2240623515555007
930,Strength,Female,3,4,58,1.97,3.2088254890146994
931,Cardio,Female,1,3,54,1.14,3.39047341829918
932,Yoga,Male,3,4,31,1.72,3.447762850809476
933,HIIT,Male,1,3,47,0.76,3.339321977944068
934,Strength,Male,2,4,52,1.3,3.2280337626529665
935,HIIT,Female,2,3,38,1.01,2.8338014064077703
936,HIIT,Male,2,4,54,1.04,3.821222641101649
937,Strength,Male,1,2,22,1.34,3.596490004820589
938,Cardio,Female,1,2,36,0.85,2.9780773383152703
939,Strength,Female,1,3,31,0.57,3.035914063186823
940,Strength,Male,1,2,43,1.18,2.91180703861623
941,Yoga,Male,2,3,21,1.32,3.2902658209548736
942,HIIT,Male,3,4,42,1.77,3.351656936102019
943,Cardio,Male,3,5,59,1.99,3.4550540544528663
944,HIIT,Male,2,3,42,1.38,3.0478502278160975
945,Strength,Male,2,4,35,1.02,3.9005575273188677
946,Cardio,Female,2,3,57,1.05,3.3361253849184407
947,Cardio,Female,1,3,25,1.2,3.177637076851603
948,Cardio,Female,3,5,56,1.91,3.210440346047099
949,Cardio,Male,2,3,57,1.21,3.488597571942989
950,Yoga,Female,2,4,31,1.39,3.408834808791367
951,Cardio,Male,1,2,49,1.14,2.8338014064077703
952,Strength,Male,2,4,55,1.2,3.1063787936410545
953,Yoga,Female,2,3,50,1.03,3.1210424645194377
954,Strength,Male,3,5,40,1.96,3.2634667081960758
955,Strength,Male,2,3,32,1.24,3.30395199722332
956,HIIT,Female,1,3,50,1.32,3.1788868166518376
957,Cardio,Female,3,4,42,1.83,3.1949928844048685
958,Cardio,Female,1,3,34,0.81,3.1896529661912973
959,Strength,Male,2,4,50,1.16,3.632309102625542
960,Cardio,Female,1,3,19,1.17,3.333275365176697
961,Yoga,Female,2,4,31,1.02,3.2140642678709788
962,HIIT,Male,3,4,57,1.57,3.4541060373175574
963,Cardio,Female,1,2,57,1.39,2.72785282839839
964,Cardio,Female,3,5,56,1.99,3.1561489949598958
965,Yoga,Female,1,2,23,0.58,2.8791984572980396
966,HIIT,Male,3,5,23,1.87,3.2160718975354667
967,Yoga,Male,2,4,20,1.12,3.1126260250254902
968,Strength,Male,3,4,24,1.57,3.393501175027685
969,Strength,Male,1,2,25,1.38,3.284288963416433
970,Cardio,Female,3,5,59,1.72,3.0204248861443626
971,HIIT,Male,2,3,32,1.1,3.65687265797885
972,Strength,Male,1,2,46,0.75,3.5374749999547035
